{
  "before": {
    "overall": {
      "basic_food": 0.6547619047619048,
      "basic_salt": 0.5119047619047619,
      "scientific": 0.0,
      "advanced": 0.0
    },
    "by_class": {
      "class_1.0": {
        "basic_food": 0.5714285714285714,
        "basic_salt": 0.2857142857142857,
        "scientific": 0.0,
        "advanced": 0.0
      },
      "class_2.0": {
        "basic_food": 0.6086956521739131,
        "basic_salt": 0.6956521739130435,
        "scientific": 0.0,
        "advanced": 0.0
      },
      "class_3.0": {
        "basic_food": 0.6363636363636364,
        "basic_salt": 0.6818181818181818,
        "scientific": 0.0,
        "advanced": 0.0
      },
      "class_4.0": {
        "basic_food": 0.76,
        "basic_salt": 0.32,
        "scientific": 0.0,
        "advanced": 0.0
      }
    }
  },
  "after": {
    "overall": {
      "basic_food": 0.3894736842105263,
      "basic_salt": 0.3894736842105263,
      "scientific": 0.42105263157894735,
      "advanced": 0.0
    },
    "by_class": {
      "class_1.0": {
        "basic_food": 0.6086956521739131,
        "basic_salt": 0.4782608695652174,
        "scientific": 0.043478260869565216,
        "advanced": 0.0
      },
      "class_2.0": {
        "basic_food": 0.64,
        "basic_salt": 0.68,
        "scientific": 0.04,
        "advanced": 0.0
      },
      "class_3.0": {
        "basic_food": 0.09090909090909091,
        "basic_salt": 0.22727272727272727,
        "scientific": 0.7272727272727273,
        "advanced": 0.0
      },
      "class_4.0": {
        "basic_food": 0.2,
        "basic_salt": 0.16,
        "scientific": 0.88,
        "advanced": 0.0
      }
    }
  }
}